id,title,cuisine,meal types,diets,one pot,seasons,summary,approved (y/n),changes
arancini,Arancini,italian,snack,,no,,"Cold risotto balls around mozzarella and ragù, crumbed and fried until golden.",,
arepas,Arepas,latin-american,breakfast lunch dinner,no-gluten,no,,Crisp cornmeal rounds split and stuffed with a creamy avocado and chicken filling.,,
avocado-toast,Avocado Toast,modern-australian,breakfast,pescatarian no-dairy,no,,"Garlic-rubbed sourdough under a thick layer of smashed avocado, lemon and chilli.",,
baked-cod,Baked Cod,modern-australian,dinner,pescatarian,no,,"Cod baked under a herby parmesan crumb, with a lemon, caper and white wine butter.",,
baked-salmon,Baked Salmon,modern-australian,dinner,pescatarian no-gluten,yes,,"Salmon baked under a lemon, dill and garlic butter that becomes its own sauce.",,
baked-ziti,Baked Ziti,american,dinner,,no,,"Pasta baked with sausage ragù, pockets of ricotta and a golden mozzarella top.",,
baked-zucchini-boats,Baked Zucchini Boats,modern-australian,dinner,no-gluten,no,,"Zucchini halves filled with spiced mince and tomato, baked under melted mozzarella.",,
bangers-and-mash,Bangers and Mash,british,dinner,,no,autumn winter,Butcher's sausages in a slow caramelised onion gravy over mustardy mash.,,
banh-mi,Banh Mi,vietnamese,lunch,no-dairy,no,,"Caramelised lemongrass pork in a crisp roll with pickled carrot, daikon and coriander.",,
bbq-chicken-pizza,BBQ Chicken Pizza,american,lunch dinner,,no,,"Barbecue-sauced chicken, bacon and red onion on a crisp base, finished with coriander.",,
bbq-pulled-chicken,BBQ Pulled Chicken,american,lunch dinner,no-dairy,no,,Seared chicken thighs braised in a homemade barbecue sauce and shredded for soft rolls.,,
bbq-ribs,BBQ Ribs,american,dinner,,no,,"Pork spare ribs rubbed, roasted low, braised in foil and glazed in barbecue sauce.",,
bbq-ribs-plate,BBQ Ribs Plate,american,dinner,,no,,"Rubbed, foil-braised and glazed pork ribs served with slaw, cornbread and pickles.",,
beef-bourguignon,Beef Bourguignon,french,dinner,,no,autumn winter,"Chuck braised in burgundy, the sauce strained and reduced, with onions and mushrooms.",,
beef-brisket,Beef Brisket,american,lunch dinner,no-dairy,yes,,"Whole brisket rubbed with salt and pepper, cooked low for hours, wrapped and rested.",,
beef-bulgogi-bowl,Beef Bulgogi Bowl,korean,lunch dinner,no-dairy,no,,"Pear-marinated bulgogi over rice with seasoned vegetables, kimchi and a fried egg.",,
beef-burrito,Beef Burrito,mexican,lunch dinner,,no,,"Spiced beef, lime rice, beans and cheese rolled tight and toasted in the pan.",,
beef-curry,Beef Curry,indian,dinner,,yes,autumn winter,"Chuck braised slowly with deep-browned onion, whole spices and tomato until spoon-tender.",,
beef-enchiladas,Beef Enchiladas,mexican,dinner,no-gluten,no,,Spiced beef rolled in sauce-dipped corn tortillas and baked in dried chilli sauce.,,
beef-korma,Beef Korma,indian,dinner,,yes,autumn winter,"Chuck braised gently with yoghurt, browned onion and cashews in a mild, fragrant sauce.",,
beef-lasagna,Beef Lasagna,italian,dinner,,no,,"A beef and red wine ragù layered with béchamel and cheese, rested so it slices cleanly.",,
beef-noodle-soup,Beef Noodle Soup,chinese,lunch dinner,no-dairy,no,autumn winter,"Beef shin braised in a spiced chilli bean broth, served over wheat noodles with greens.",,
beef-pho,Beef Pho,vietnamese,lunch dinner,no-dairy,no,,A quick spiced and charred-onion beef broth poured over noodles and raw fillet.,,
beef-rendang,Beef Rendang,indonesian,dinner,no-gluten no-dairy,yes,autumn winter,Chuck cooked for hours in spiced coconut until the liquid is gone and the beef is dark.,,
beef-roast-dinner,Beef Roast Dinner,british,dinner,no-dairy,no,autumn winter,"Garlic-studded beef roasted over vegetables, the tray juices reduced to gravy.",,
beef-shawarma-plate,Beef Shawarma Plate,middle-eastern,dinner,no-dairy,no,,"Thin spiced beef seared fast and piled on rice with hummus, tabbouleh and tahini.",,
beef-stroganoff,Beef Stroganoff,central-european,dinner,,yes,,"Seared beef strips in a mushroom, mustard and sour cream sauce, served over noodles.",,
beef-tacos,Beef Tacos,mexican,lunch dinner,no-gluten,no,,"Well-browned spiced mince in charred corn tortillas with lime, avocado and feta.",,
beef-tikka,Beef Tikka,indian,lunch dinner snack,,yes,,"Yoghurt-marinated beef skewers roasted hot and charred, kept pink in the middle.",,
beef-wellington,Beef Wellington,british,dinner,,no,,"Seared fillet wrapped in duxelles, prosciutto and puff pastry, baked to mahogany.",,
bibimbap,Bibimbap,korean,lunch dinner,no-dairy,no,,"Rice crowned with separately cooked vegetables, seared beef, a fried egg and gochujang.",,
biryani,Biryani,indian,dinner,no-gluten,no,,"Marinated chicken and parboiled basmati layered with fried onion and saffron, cooked dum.",,
black-bean-chili,Black Bean Chili,american,dinner,vegetarian no-gluten,yes,autumn winter,"A meatless chilli of black beans and chipotle, deepened with cocoa and dark chocolate.",,
blt-sandwich,BLT Sandwich,american,lunch,no-dairy,no,,"Crisp bacon, salted ripe tomato and lettuce on thick toast with mustard mayonnaise.",,
bobotie,Bobotie,south-african,dinner,,no,,"Sweetly spiced Cape Malay mince with fruit and almonds, baked under a golden egg custard.",,
bratwurst,Bratwurst,central-european,lunch dinner,,yes,,Beer-braised bratwurst seared and piled into rolls with jammy onions and sauerkraut.,,
breakfast-burrito,Breakfast Burrito,mexican,breakfast,,no,,"Crisp potatoes, bacon and soft scrambled eggs rolled in a tortilla and toasted to seal.",,
buffalo-wings,Buffalo Wings,american,dinner snack,,no,,Crackling oven-baked wings tossed in buttery hot sauce with a chunky blue cheese dip.,,
bulgogi,Bulgogi,korean,dinner,no-dairy,yes,,"Paper-thin beef marinated with grated pear, seared fast in batches to a sweet glaze.",,
bunny-chow,Bunny Chow,south-african,lunch dinner,no-dairy,yes,,Durban lamb and potato curry spooned into a hollowed half-loaf of white bread.,,
burgers,Burgers,american,lunch dinner,,yes,,"Smashed beef patties with a deep crust, cheese and a tangy pickle sauce.",,
butter-chicken,Butter Chicken,indian,dinner,,yes,,Charred thigh pieces in a silky tomato and cream sauce lifted by fenugreek.,,
butternut-squash-risotto,Butternut Squash Risotto,italian,dinner,vegetarian no-gluten,no,autumn winter,"Roasted butternut, half mashed through the rice, finished with sage, walnuts and parmesan.",,
caesar-salad,Caesar Salad,american,lunch dinner,,no,,Crisp cos in an anchovy and parmesan dressing with garlic-rubbed sourdough croutons.,,
calzone,Calzone,italian,lunch dinner,,no,,"Folded pizza dough filled with ricotta, mozzarella and salami, with sauce for dipping.",,
caprese-salad,Caprese Salad,italian,lunch,vegetarian no-gluten,no,summer,"Ripe heirloom tomatoes, torn buffalo mozzarella and basil with the best olive oil.",,
carbonara,Carbonara,italian,lunch dinner,,no,,"Guanciale, egg yolk and pecorino turned into a glossy sauce by the pasta's own heat.",,
carbonnade,Carbonnade,french,dinner,,yes,autumn winter,A Flemish beef and brown ale stew thickened with mustard-smeared bread.,,
ceviche,Ceviche,latin-american,lunch,pescatarian no-gluten no-dairy,no,summer,"Firm white fish cured briefly in lime with chilli and red onion, served with sweet potato.",,
chana-masala,Chana Masala,indian,lunch dinner,vegetarian,yes,,Chickpeas in a tangy tomato and onion gravy sharpened with amchur.,,
chicken-adobo,Chicken Adobo,filipino,dinner,no-dairy,no,,"Chicken braised in soy, vinegar, garlic and bay, then reduced to a glossy glaze.",,
chicken-alfredo,Chicken Alfredo,american,dinner,,no,,"Fettuccine in a butter, cream and parmesan sauce with sliced golden chicken breast.",,
chicken-alfredo-bake,Chicken Alfredo Bake,american,dinner,,no,,"Penne and chicken in a parmesan cream sauce, baked under mozzarella and buttery crumbs.",,
chicken-and-rice,Chicken and Rice,modern-australian,dinner,no-gluten,yes,,Crisp-skinned thighs baked over turmeric and lemon rice that soaks up the pan juices.,,
chicken-and-waffles,Chicken and Waffles,american,breakfast lunch,,no,,Buttermilk fried chicken on light waffles with warm maple syrup and hot honey.,,
chicken-biryani,Chicken Biryani,indian,dinner,no-gluten,no,,"Marinated chicken under parboiled spiced basmati, sealed and cooked dum with saffron.",,
chicken-burrito-bowl,Chicken Burrito Bowl,mexican,lunch dinner,no-gluten,no,,"Charred spiced chicken over lime rice with beans, corn, pico de gallo and avocado.",,
chicken-caesar-pasta,Chicken Caesar Pasta,american,dinner,,no,,"Pasta in an anchovy, parmesan and cream sauce with chicken, bacon, croutons and cos.",,
chicken-caesar-wrap,Chicken Caesar Wrap,american,lunch,,no,,"Sliced chicken, bacon, cos and crushed croutons rolled with a punchy Caesar dressing.",,
chicken-cordon-bleu,Chicken Cordon Bleu,central-european,dinner,,no,,"Chicken rolled around ham and Gruyère, double-crumbed and baked, with a Dijon cream sauce.",,
chicken-enchilada-casserole,Chicken Enchilada Casserole,mexican,dinner,,no,,"Layers of tortilla, chicken, beans and corn baked in red chilli sauce with melted cheese.",,
chicken-fajita-bowl,Chicken Fajita Bowl,mexican,lunch dinner,no-gluten,no,,"Charred chicken and capsicum over lime rice with beans, pico de gallo and avocado.",,
chicken-fried-rice,Chicken Fried Rice,chinese,lunch dinner,no-dairy,yes,,"Cold rice fried hard in a smoking wok with chicken, egg, peas and soy.",,
chicken-fried-steak,Chicken Fried Steak,american,dinner,,yes,,Double-dredged cube steak fried crisp and smothered in a peppery cream gravy.,,
chicken-gyoza,Chicken Gyoza,japanese,lunch dinner snack,no-dairy,no,,"Pleated chicken and cabbage dumplings fried, steamed and re-crisped on the base.",,
chicken-gyro,Chicken Gyro,greek,lunch dinner,,no,,"Charred oregano and lemon chicken in warm pita with tzatziki, tomato and hot chips.",,
chicken-gyudon,Chicken Gyudon,japanese,lunch dinner,no-dairy,yes,,"Chicken and onion simmered in sweet dashi and soy, spooned over rice with an egg.",,
chicken-katsu,Chicken Katsu,japanese,lunch dinner,no-dairy,yes,,"Panko-crumbed chicken fried crisp, served with rice, shredded cabbage and tonkatsu sauce.",,
chicken-kiev,Chicken Kiev,central-european,dinner,,yes,,Double-crumbed chicken breast sealed around frozen garlic butter that floods out when cut.,,
chicken-marsala,Chicken Marsala,italian,dinner,,yes,,"Floured chicken in a dry Marsala and mushroom sauce, softened with cream and butter.",,
chicken-meatballs,Chicken Meatballs,italian,dinner,,yes,,Lemon and herb chicken meatballs simmered in a white wine and lemon cream sauce.,,
chicken-milanese,Chicken Milanese,italian,lunch dinner,,yes,,"A thin parmesan and lemon-crumbed cutlet fried in butter, heaped with dressed rocket.",,
chicken-noodle-soup,Chicken Noodle Soup,american,lunch dinner,no-dairy,no,autumn winter,"A whole-chicken broth with egg noodles and vegetables, brightened with lemon and dill.",,
chicken-pad-see-ew,Chicken Pad See Ew,thai,lunch dinner,no-dairy,yes,,"Wide rice noodles charred in the wok with chicken, egg, gai lan and dark soy.",,
chicken-parmesan,Chicken Parmesan,american,dinner,,no,,"Crumbed chicken breast baked under marinara and mozzarella, the crisp edges left showing.",,
chicken-pesto-pasta,Chicken Pesto Pasta,italian,lunch dinner,,no,,"Fresh basil pesto tossed off the heat with pasta, sliced chicken and cherry tomatoes.",,
chicken-piccata,Chicken Piccata,italian,dinner,,yes,,"Floured chicken escalopes in a lemon, caper and white wine pan sauce mounted with butter.",,
chicken-pot-pie,Chicken Pot Pie,american,dinner,,no,autumn winter,"Chicken, leek and mushroom in a creamy mustard sauce beneath a puff pastry lid.",,
chicken-quesadilla,Chicken Quesadilla,mexican,lunch dinner snack,,no,,"Chipotle chicken and melted cheese folded into crisp, golden flour tortillas.",,
chicken-ramen-bowl,Chicken Ramen Bowl,japanese,lunch dinner,no-dairy,no,,Crisp-skinned chicken thigh over ramen in a shiitake broth seasoned with miso tare.,,
chicken-satay,Chicken Satay,malaysian,lunch dinner,no-dairy,no,,Lemongrass and turmeric chicken skewers charred hot and served with peanut sauce.,,
chicken-satay-bowl,Chicken Satay Bowl,malaysian,lunch dinner,no-dairy,no,,Charred lemongrass and turmeric chicken over rice with fresh vegetables and peanut sauce.,,
chicken-schnitzel,Chicken Schnitzel,central-european,lunch dinner,,yes,,Thin parmesan-crumbed chicken fried in foaming butter until the crust puffs.,,
chicken-shawarma-bowl,Chicken Shawarma Bowl,middle-eastern,lunch dinner,no-gluten no-dairy,no,,"Warm-spiced roast chicken over turmeric rice with hummus, pickles and tahini.",,
chicken-shawarma-plate,Chicken Shawarma Plate,middle-eastern,dinner,,no,,"Warm-spiced roast chicken on saffron rice with hummus, salad, pickles and garlic sauce.",,
chicken-souvlaki,Chicken Souvlaki,greek,lunch dinner,,no,,"Lemon and oregano chicken skewers charred and wrapped with tzatziki, salad and chips.",,
chicken-stir-fry,Chicken Stir Fry,chinese,lunch dinner,no-dairy,yes,,Velveted chicken thigh with crisp vegetables in a glossy soy and oyster sauce.,,
chicken-tagine,Chicken Tagine,north-african,dinner,no-dairy,yes,,"Chicken simmered with saffron and warm spices, sharpened by preserved lemon and olives.",,
chicken-teriyaki,Chicken Teriyaki,japanese,dinner,no-dairy,yes,,"Crisp-skinned thighs glazed in the pan with soy, mirin and sake until sticky.",,
chicken-tikka,Chicken Tikka,indian,lunch dinner snack,,yes,,Yoghurt-marinated thigh pieces roasted on skewers and charred under the grill.,,
chicken-wings,Chicken Wings,modern-australian,dinner snack,no-dairy,no,,"Oven wings dried with baking powder until crackling, tossed in a honey soy glaze.",,
chicken-wrap,Chicken Wrap,modern-australian,lunch,,no,,"Charred spiced chicken rolled with a yoghurt dill sauce, salad, feta and herbs.",,
chicken-yakitori,Chicken Yakitori,japanese,dinner snack,no-dairy,no,,Chicken and spring onion skewers grilled and brushed with layer upon layer of tare.,,
chili-cheese-fries,Chili Cheese Fries,american,dinner snack,no-gluten,no,,Crisp fries under a quick beef and bean chilli and melted cheese.,,
chili-con-carne,Chili Con Carne,american,dinner,,no,autumn winter,"Cubed chuck simmered for hours with dried chillies, beer and a square of chocolate.",,
chili-garlic-noodles,Chili Garlic Noodles,chinese,lunch dinner,pescatarian no-dairy,no,,"Thick wheat noodles tossed in sizzled garlic oil, black vinegar and Sichuan chilli oil.",,
chow-mein,Chow Mein,chinese,lunch dinner,no-dairy,no,,"Egg noodles left to crisp in a hot wok, tossed with chicken, vegetables and soy.",,
chowder,Chowder,american,lunch dinner,,yes,,"A creamy corn and potato chowder with bacon, half-blended for body.",,
clam-chowder,Clam Chowder,american,lunch dinner,,no,autumn winter,"A creamy New England chowder of clams, potato and bacon, gently warmed through.",,
club-sandwich,Club Sandwich,american,lunch,no-dairy,no,,"A three-tier toasted sandwich of chicken, bacon, lettuce and tomato, cut into quarters.",,
cobb-salad,Cobb Salad,american,lunch dinner,,no,,"Chicken, bacon, egg, avocado and blue cheese laid out in stripes with a sharp dressing.",,
coq-au-vin,Coq au Vin,french,dinner,,yes,autumn winter,"Chicken marinated overnight in red wine and braised with bacon, mushrooms and onions.",,
cottage-pie,Cottage Pie,british,dinner,,no,autumn winter,"Beef mince in a rich red wine gravy under a forked, golden potato crust.",,
couscous,Couscous,north-african,lunch dinner,vegetarian,no,,"Buttery couscous tossed with herbs, nuts, apricot, feta and lemon.",,
crispy-duck-pancakes,Crispy Duck Pancakes,chinese,dinner,no-dairy,no,,"Five-spice duck legs roasted until crackling, shredded and rolled in pancakes with hoisin.",,
croque-monsieur,Croque Monsieur,french,lunch,,no,,"Ham and Gruyère toasted, blanketed in béchamel and grilled until blistered.",,
dhal,Dhal,indian,lunch dinner,vegetarian,no,,Soft red lentils finished at the table with a sizzling tadka of spices and curry leaves.,,
dim-sum,Dim Sum,chinese,lunch snack,no-dairy,no,,Steamed pork and prawn siu mai with a black vinegar and ginger dipping sauce.,,
eggplant-parmesan,Eggplant Parmesan,italian,dinner,vegetarian,no,,"Crumbed, fried eggplant layered with tomato sauce, mozzarella and parmesan, then baked.",,
empanadas,Empanadas,latin-american,lunch dinner snack,,no,,"Flaky baked pastries filled Argentine-style with spiced beef, egg, olives and raisins.",,
enchiladas,Enchiladas,mexican,dinner,,no,,Chicken-filled corn tortillas dipped in a dried chilli sauce and baked with cheese.,,
fajitas,Fajitas,mexican,dinner,,yes,,Charred skirt steak and capsicum brought sizzling to the table with warm tortillas.,,
falafel-salad,Falafel Salad,middle-eastern,lunch dinner,vegetarian,no,,"Halved falafel over a crisp salad with feta and olives, finished with tahini and sumac.",,
falafel-wrap,Falafel Wrap,middle-eastern,lunch dinner,vegetarian vegan no-dairy,no,,"Crisp herb falafel from soaked dried chickpeas, wrapped with tahini and pickles.",,
feijoada,Feijoada,latin-american,dinner,no-dairy,no,autumn winter,"Black beans slow-cooked with pork belly, sausage and beef, served with rice and farofa.",,
fish-and-chips,Fish and Chips,british,lunch dinner,pescatarian no-dairy,yes,,"Cold beer-battered fish and twice-fried chips, crisp and light.",,
fish-curry,Fish Curry,indian,dinner,pescatarian,yes,,"Firm white fish poached gently in a South Indian coconut, tamarind and curry leaf sauce.",,
fish-tacos,Fish Tacos,mexican,lunch dinner,pescatarian no-gluten,no,summer,Spiced white fish in charred corn tortillas with lime slaw and chipotle crema.,,
four-cheese-pizza,Four Cheese Pizza,italian,lunch dinner,vegetarian,no,,"A white pizza of mozzarella, Gorgonzola, Gruyère and parmesan, finished with honey.",,
french-onion-soup,French Onion Soup,french,lunch dinner,,no,autumn winter,"Onions cooked slowly to mahogany in beef stock, under a grilled Gruyère crouton.",,
fried-chicken,Fried Chicken,american,lunch dinner,,yes,,"Buttermilk-marinated chicken in a craggy spiced coating, fried steadily until deep golden.",,
gazpacho,Gazpacho,spanish,lunch,vegetarian vegan no-dairy,no,summer,"A chilled blended soup of ripe tomato, cucumber and capsicum, thickened with bread.",,
gnocchi,Gnocchi,italian,dinner,vegetarian,no,,"Light potato gnocchi from baked floury potatoes, tossed in nutty sage butter.",,
gnocchi-bake,Gnocchi Bake,italian,dinner,,yes,,Shop-bought gnocchi baked straight into a sausage and tomato sauce under mozzarella.,,
goulash,Goulash,central-european,dinner,,yes,autumn winter,"Beef braised with jammy onions and sweet Hungarian paprika, brightened with vinegar.",,
greek-chicken-bowl,Greek Chicken Bowl,greek,lunch dinner,no-gluten,no,,"Oregano and lemon chicken over lemon rice with tzatziki, feta and olives.",,
greek-lamb,Greek Lamb,greek,dinner,,yes,autumn winter,Garlic-studded lamb shoulder slow-roasted over potatoes until it pulls apart.,,
greek-salad,Greek Salad,greek,lunch dinner,vegetarian no-gluten,no,summer,"Ripe tomato, cucumber, olives and onion under a whole slab of feta and oregano.",,
green-papaya-salad,Green Papaya Salad,thai,lunch,pescatarian no-gluten no-dairy,no,summer,"Shredded green papaya pounded with lime, chilli, fish sauce and peanuts.",,
grilled-cheese,Grilled Cheese,american,lunch snack,vegetarian,yes,,"Cheddar, Gruyère and mozzarella in bread crisped slowly with butter and mayonnaise.",,
grilled-chicken-salad,Grilled Chicken Salad,modern-australian,lunch dinner,,yes,,"Chargrilled lemon and oregano chicken over a crisp salad with feta, olives and avocado.",,
grilled-halloumi,Grilled Halloumi,middle-eastern,lunch snack,vegetarian,no,summer,Seared halloumi with watermelon and mint under a warm honey-chilli drizzle.,,
grilled-salmon,Grilled Salmon,modern-australian,lunch dinner,pescatarian no-gluten,yes,,"Lemon and herb salmon cooked skin-side down on the barbecue, finished with herb butter.",,
grilled-steak,Grilled Steak,modern-australian,dinner,no-gluten,yes,,"A well-salted steak seared hard, rested, and topped with garlic herb butter.",,
gumbo,Gumbo,american,dinner,no-dairy,yes,autumn winter,"A dark roux stew of andouille, chicken and prawns, thickened with okra or filé.",,
gyros,Gyros,greek,lunch dinner,,no,,"Charred marinated pork in warm pita with tzatziki, tomato, onion and hot chips.",,
gyudon,Gyudon,japanese,lunch dinner,no-dairy,yes,,Thin beef and onion simmered in a sweet dashi and soy sauce over rice with an egg.,,
halloumi-wrap,Halloumi Wrap,middle-eastern,lunch,vegetarian,no,,"Golden seared halloumi rolled with salad, mint and a yoghurt tahini sauce.",,
hawaiian-pizza,Hawaiian Pizza,american,lunch dinner,,no,,"Ham and pineapple over tomato and mozzarella, baked until the fruit caramelises.",,
honey-garlic-chicken,Honey Garlic Chicken,chinese,dinner,no-dairy,yes,,"Crisp-skinned thighs basted in the pan with a sticky honey, soy and garlic glaze.",,
hot-dogs,Hot Dogs,american,lunch dinner,,no,,Simmered then charred franks in toasted buns with slow-cooked onions and sauerkraut.,,
huevos-rancheros,Huevos Rancheros,mexican,breakfast,vegetarian no-gluten,no,,Fried eggs on charred corn tortillas with black beans and a spiced tomato sauce.,,
hummus-plate,Hummus Plate,middle-eastern,lunch snack,vegetarian vegan no-dairy,no,,"Silky hummus from peeled, well-cooked chickpeas, served with warm pita and crudités.",,
italian-meatballs,Italian Meatballs,italian,dinner,,no,,Browned beef and pork meatballs simmered in a garlicky tomato sauce over spaghetti.,,
jambalaya,Jambalaya,american,dinner,no-dairy,yes,,"Creole rice cooked with andouille, chicken and prawns in a spiced tomato base.",,
jollof-rice,Jollof Rice,west-african,lunch dinner,no-gluten no-dairy,yes,,Rice cooked unstirred in a stewed pepper and tomato base until smoky at the bottom.,,
kare-kare,Kare Kare,filipino,dinner,no-gluten no-dairy,no,autumn winter,"Tender oxtail in a thick peanut and annatto sauce, served with vegetables and bagoong.",,
katsu-curry,Katsu Curry,japanese,dinner,no-dairy,no,,"Crisp panko cutlets beside a smooth, gently sweet Japanese curry sauce and rice.",,
kebab,Kebab,turkish,lunch dinner,,no,,"Yoghurt-marinated lamb skewers charred on the grill, with flatbread, tzatziki and sumac.",,
korean-bbq-beef,Korean BBQ Beef,korean,dinner,no-dairy,yes,,Pear-marinated rib eye seared fast and wrapped at the table in lettuce with ssamjang.,,
korean-fried-chicken,Korean Fried Chicken,korean,dinner,no-dairy,no,,"Double-fried wings, shatteringly crisp, tossed in a sweet and spicy gochujang glaze.",,
kung-pao-chicken,Kung Pao Chicken,chinese,dinner,no-dairy,yes,,"Seared chicken with dried chillies, Sichuan pepper and peanuts in a glossy, tart sauce.",,
laksa,Laksa,malaysian,lunch dinner,no-gluten no-dairy,no,,"A rich coconut curry broth with chicken, prawns and tofu puffs over thick noodles.",,
lamb-chops,Lamb Chops,modern-australian,dinner,no-gluten no-dairy,yes,,Rosemary and garlic lamb cutlets seared fast and served under a sharp salsa verde.,,
lamb-kofta,Lamb Kofta,middle-eastern,lunch dinner,,no,,"Spiced lamb shaped around skewers, charred on the grill and wrapped with yoghurt sauce.",,
lamb-tagine,Lamb Tagine,north-african,dinner,no-dairy,yes,autumn winter,"Lamb shoulder braised with ras el hanout and saffron, sweetened with apricots and honey.",,
lasagna,Lasagna,italian,dinner,,no,,"Layers of slow ragù, béchamel and mozzarella, rested so each slice holds.",,
lemon-herb-chicken,Lemon Herb Chicken,modern-australian,dinner,no-gluten,yes,,"Seared, oven-finished chicken with a lemon, wine and butter pan sauce.",,
lemon-pepper-salmon,Lemon Pepper Salmon,modern-australian,dinner,pescatarian no-gluten,yes,,"Salmon crusted with lemon zest and cracked pepper, with a quick caper butter sauce.",,
lentil-soup,Lentil Soup,middle-eastern,lunch dinner,,yes,autumn winter,"Brown lentils simmered with cumin and tomato, finished with spinach and lemon.",,
lo-mein,Lo Mein,chinese,lunch dinner,no-dairy,no,,"Soft egg noodles tossed with chicken, cabbage and a glossy soy and oyster sauce.",,
loaded-nachos,Loaded Nachos,mexican,dinner snack,no-gluten,no,,"Corn chips layered with spiced beef, beans and cheese, baked and piled with cold toppings.",,
lobster-roll,Lobster Roll,american,lunch,pescatarian,no,,"Chunks of lobster lightly dressed in mayonnaise, piled into butter-toasted rolls.",,
mac-and-cheese,Mac and Cheese,american,dinner,vegetarian,no,,Macaroni baked in a three-cheese sauce beneath a crisp paprika crumb.,,
mango-curry,Mango Curry,indian,dinner,,yes,summer,"Chicken in a coconut and ripe mango sauce with curry leaves, finished with fresh mango.",,
mapo-tofu,Mapo Tofu,chinese,dinner,no-dairy,no,,"Silken tofu in a fiery doubanjiang and pork sauce, finished with numbing Sichuan pepper.",,
margarita-flatbread,Margherita Flatbread,italian,lunch dinner,vegetarian,no,,"Store-bought flatbread topped with raw tomato sauce and mozzarella, baked hot, with basil.",,
margherita-pizza,Margherita Pizza,italian,lunch dinner,vegetarian,no,,"Blistered crust, raw tomato and torn fior di latte, baked as hot as the oven allows.",,
massaman-curry,Massaman Curry,thai,dinner,no-gluten no-dairy,yes,autumn winter,"Beef chuck and potato slowly braised in a mild, warm-spiced coconut and peanut curry.",,
meatloaf,Meatloaf,american,dinner,,no,,"A tender beef and pork loaf baked free-form under a sweet, tangy ketchup glaze.",,
mediterranean-platter,Mediterranean Platter,middle-eastern,lunch snack,,no,,"A generous board of dips, cheeses, cured meats, pickles and warm pita for sharing.",,
minestrone,Minestrone,italian,lunch dinner,,yes,autumn winter,"A thick vegetable, bean and pasta soup built on a parmesan rind, finished with pesto.",,
miso-soup,Miso Soup,japanese,lunch dinner,pescatarian no-dairy,yes,,"A homemade kombu and bonito dashi with miso, silken tofu, wakame and spring onion.",,
moussaka,Moussaka,greek,dinner,,no,,"Grilled eggplant and cinnamon-spiced lamb under a firm, golden béchamel.",,
mushroom-risotto,Mushroom Risotto,italian,dinner,vegetarian no-gluten,no,autumn winter,Carnaroli cooked with porcini-enriched stock and golden mixed mushrooms.,,
nasi-goreng,Nasi Goreng,indonesian,lunch dinner,no-dairy,no,,"Day-old rice fried hard with shrimp paste and kecap manis, topped with a runny egg.",,
nicoise-salad,Niçoise Salad,french,lunch dinner,pescatarian no-gluten no-dairy,no,summer,"A composed platter of tuna, jammy eggs, potatoes, beans and olives with a sharp dressing.",,
okonomiyaki,Okonomiyaki,japanese,lunch dinner,no-dairy,yes,,"A savoury cabbage pancake topped with pork belly, sauce, mayonnaise and bonito.",,
omelette,Omelette,french,breakfast lunch,no-gluten,yes,,"A pale, soft French omelette rolled around its filling while still glossy inside.",,
osso-buco,Osso Buco,italian,dinner,,yes,autumn winter,"Veal shanks braised in white wine and tomato, finished with a sharp gremolata.",,
pad-thai,Pad Thai,thai,lunch dinner,pescatarian no-dairy,yes,,"Rice noodles tossed hot with tamarind, fish sauce, prawns and a crunch of peanuts.",,
paella,Paella,spanish,dinner,no-dairy,yes,,"Saffron rice with chicken, chorizo and seafood, left unstirred to form the socarrat.",,
paneer-butter-masala,Paneer Butter Masala,indian,dinner,vegetarian,no,,"Golden paneer in a velvety tomato, cashew and cream sauce scented with fenugreek.",,
pastrami-sandwich,Pastrami Sandwich,american,lunch,,no,,Steamed deli pastrami piled high on rye with mustard and dill pickles.,,
peking-duck,Peking Duck,chinese,dinner,no-dairy,no,,"Air-dried, lacquered duck roasted to crackling, rolled in pancakes with hoisin.",,
penne-arrabbiata,Penne Arrabbiata,italian,lunch dinner,vegetarian vegan no-dairy,no,,"Penne in a sharp, fiery tomato sauce built on garlic and plenty of chilli.",,
pepperoni-pizza,Pepperoni Pizza,american,lunch dinner,,no,,Spicy pepperoni that curls into crisp cups over tomato and mozzarella.,,
peri-peri-chicken,Peri Peri Chicken,south-african,dinner,no-gluten no-dairy,yes,,"Spatchcocked chicken roasted in a fiery chilli, garlic and lemon sauce.",,
pesto-pasta,Pesto Pasta,italian,lunch dinner,vegetarian,no,summer,Fresh basil and pine nut pesto loosened with pasta water and never cooked.,,
pho,Pho,vietnamese,lunch dinner,no-dairy,no,,"A clear, charred-onion beef broth poured over rice noodles and paper-thin fillet.",,
picanha,Picanha,latin-american,dinner,no-dairy,no,,"Rump cap grilled fat-side down with rock salt, sliced thin with a sharp tomato vinagrete.",,
pierogi,Pierogi,central-european,lunch dinner,vegetarian,no,,"Potato and cheese dumplings, boiled then crisped in caramelised onion butter.",,
poke-bowl,Poke Bowl,american,lunch dinner,pescatarian no-dairy,no,summer,"Marinated raw tuna over seasoned sushi rice with avocado, edamame and spicy mayonnaise.",,
pork-adobo,Pork Adobo,filipino,dinner,no-dairy,yes,,"Pork braised in soy, vinegar and garlic, reduced to a glaze and crisped at the edges.",,
pork-belly-bao,Pork Belly Bao,chinese,lunch dinner snack,,no,,"Soy-braised pork belly in steamed buns with pickled cucumber, hoisin and peanuts.",,
pork-dumplings,Pork Dumplings,chinese,lunch dinner snack,no-dairy,no,,"Juicy pork and cabbage dumplings, boiled or pan-fried, with a black vinegar dip.",,
pork-fried-rice,Pork Fried Rice,chinese,lunch dinner,no-dairy,yes,,"Cold rice fried with crisp-edged pork mince, egg and peas in a hot wok.",,
pork-roast,Pork Roast,british,dinner,no-dairy,yes,autumn winter,"Dry-salted pork roasted high then low for deep crackling, with fennel and rosemary.",,
pork-schnitzel,Pork Schnitzel,central-european,lunch dinner,,yes,,"Thin pork loin crumbed and fried in foaming butter, with lemon and apple sauce.",,
pork-tacos,Pork Tacos,mexican,lunch dinner,no-gluten,no,,"Orange-braised pork shoulder fried crisp as carnitas, in charred corn tortillas.",,
prawn-curry,Prawn Curry,indian,dinner,pescatarian no-gluten,yes,,"Prawns simmered briefly in a coconut, tomato and curry leaf sauce.",,
prawn-linguine,Prawn Linguine,italian,dinner,pescatarian,no,,"Linguine with prawns, cherry tomato, chilli and white wine, lifted by prawn-shell oil.",,
pulled-pork,Pulled Pork,american,lunch dinner,no-dairy,no,,"Spice-rubbed pork shoulder roasted low for hours, shredded and tossed with barbecue sauce.",,
pumpkin-soup,Pumpkin Soup,modern-australian,lunch dinner,vegetarian,no,autumn winter,"Roasted pumpkin, carrot and garlic blended with gentle spice and a little cream.",,
quesadillas,Quesadillas,mexican,lunch dinner snack,,no,,"Chipotle chicken and melted cheese in crisp, blistered flour tortillas.",,
quiche-lorraine,Quiche Lorraine,french,lunch dinner,,no,,Crisp blind-baked pastry holding a wobbling custard of bacon and Gruyère.,,
ramen,Ramen,japanese,lunch dinner,no-dairy,no,,"A gentle shiitake and kombu broth seasoned in the bowl, with jammy eggs and pork.",,
ratatouille,Ratatouille,french,lunch dinner,vegetarian vegan no-dairy,no,summer,"Eggplant, courgette and capsicum browned separately and folded into a rich tomato base.",,
reuben-sandwich,Reuben Sandwich,american,lunch,,no,,"Corned beef, sauerkraut and Swiss on rye with Russian dressing, toasted until melting.",,
risotto,Risotto,italian,dinner,vegetarian no-gluten,no,,"Carnaroli stirred with stock and wine, finished all'onda with cold butter and parmesan.",,
roast-chicken,Roast Chicken,british,dinner,,yes,,"A whole bird roasted with herb butter under the skin, with a pan gravy from the tray.",,
roasted-veggie-bowl,Roasted Veggie Bowl,modern-australian,lunch dinner,vegetarian no-gluten,no,,"Spiced roast vegetables and crisp chickpeas over quinoa with tahini, feta and pomegranate.",,
rogan-josh,Rogan Josh,indian,dinner,,yes,autumn winter,Lamb shoulder braised in yoghurt and Kashmiri chilli until it yields to a fork.,,
saag-paneer,Saag Paneer,indian,dinner,vegetarian,no,,"Golden paneer in a vivid, gently spiced spinach sauce enriched with cream.",,
salisbury-steak,Salisbury Steak,american,dinner,,yes,,"Tender beef patties simmered in a browned mushroom and onion gravy, served over mash.",,
salmon-nigiri,Salmon Nigiri,japanese,lunch dinner,pescatarian no-dairy,no,,"Slices of cold, sashimi-grade salmon pressed onto hand-shaped vinegared rice.",,
salmon-poke,Salmon Poke,american,lunch dinner,pescatarian no-dairy,no,,"Raw salmon dressed in soy, sesame and honey over sushi rice with avocado and edamame.",,
salmon-teriyaki,Salmon Teriyaki,japanese,dinner,pescatarian no-dairy,yes,,Crisp-skinned salmon glazed in the pan with a reduced soy and mirin sauce.,,
samosas,Samosas,indian,snack,vegetarian,no,,"Hand-folded pastries of spiced potato and peas, fried slowly and served with chutneys.",,
satay-skewers,Satay Skewers,malaysian,lunch dinner snack,no-dairy,no,,"Turmeric and lemongrass chicken skewers charred on the grill, with a coarse peanut sauce.",,
schnitzel,Schnitzel,central-european,lunch dinner,,yes,,Thin veal escalopes fried in foaming butter until the crumb ripples and puffs.,,
seafood-paella,Seafood Paella,spanish,dinner,pescatarian no-dairy,yes,,"Saffron rice with prawns, mussels, clams and calamari, crisped underneath into socarrat.",,
seafood-pasta,Seafood Pasta,italian,dinner,pescatarian no-dairy,no,,"Linguine with mussels, clams, prawns and calamari in a garlic, wine and tomato broth.",,
seafood-risotto,Seafood Risotto,italian,dinner,pescatarian no-gluten,no,,"Saffron risotto with mussels, clams, prawns and calamari, finished with butter and lemon.",,
shakshuka,Shakshuka,north-african,breakfast lunch,vegetarian,yes,,"Eggs poached in a spiced tomato and capsicum sauce, finished with feta and herbs.",,
shawarma,Shawarma,middle-eastern,lunch dinner,no-dairy,no,,Warm-spiced roast chicken thighs rolled in flatbread with tahini and pickled turnip.,,
shepherd-s-pie,Shepherd’s Pie,british,dinner,,no,autumn winter,"Lamb mince in a thick, herby gravy under a ridged crust of buttery mash.",,
shrimp-alfredo,Shrimp Alfredo,american,dinner,pescatarian,no,,Fettuccine in a lemony parmesan cream sauce with garlic and chilli prawns.,,
shrimp-fried-rice,Shrimp Fried Rice,chinese,lunch dinner,pescatarian no-dairy,yes,,"Day-old rice fried hard with prawns, egg and peas, glossed with soy.",,
shrimp-pad-thai,Shrimp Pad Thai,thai,lunch dinner,pescatarian no-dairy,yes,,"Rice noodles tossed with prawns, tamarind, egg, sprouts and peanuts.",,
shrimp-scampi,Shrimp Scampi,american,dinner,pescatarian,no,,"Linguine and prawns tossed in garlic, white wine, lemon and butter.",,
shrimp-tacos,Shrimp Tacos,mexican,lunch dinner,pescatarian no-gluten,no,summer,Quick-charred spiced prawns in corn tortillas with avocado sauce and mango.,,
shrimp-tempura,Shrimp Tempura,japanese,lunch dinner snack,pescatarian no-dairy,no,,"Prawns in a pale, lacy batter of ice-cold soda water, with a light dashi dipping sauce.",,
sisig,Sisig,filipino,dinner,no-dairy,no,,"Boiled then crisped chopped pork, sharpened with calamansi and served sizzling with egg.",,
sloppy-joes,Sloppy Joes,american,lunch dinner,,no,,"Beef mince in a tangy, sweet tomato sauce spooned onto toasted buns.",,
smash-burger,Smash Burger,american,lunch dinner,,yes,,"Thin beef patties smashed onto a smoking pan for lacy edges, stacked two to a bun.",,
soba-noodles,Soba Noodles,japanese,lunch dinner,pescatarian no-dairy,no,summer,Chilled buckwheat noodles dipped into a cold dashi and soy tsuyu.,,
spaghetti-aglio-e-olio,Spaghetti Aglio e Olio,italian,lunch dinner,vegetarian,no,,"Spaghetti emulsified with gently sizzled garlic, olive oil, chilli and parsley.",,
spaghetti-bolognese,Spaghetti Bolognese,italian,dinner,,no,,"A slow ragù with milk and wine, simmered until glossy and deeply savoury.",,
spicy-beef-bowl,Spicy Beef Bowl,korean,lunch dinner,no-dairy,no,,"Gochujang-glazed beef over rice with crunchy vegetables, kimchi and a jammy egg.",,
spicy-ramen,Spicy Ramen,japanese,lunch dinner,no-dairy,no,autumn winter,"A miso and gochujang broth over ramen, topped with jammy eggs and sizzled chilli oil.",,
spicy-sausage-pasta,Spicy Sausage Pasta,italian,dinner,,no,,Rigatoni in a tomato and cream sauce with crisp-edged spicy sausage and chilli.,,
spicy-thai-noodles,Spicy Thai Noodles,thai,lunch dinner,no-dairy,yes,,"Rice noodles stir-fried with chilli, tamarind and fish sauce, finished with Thai basil.",,
spring-rolls,Spring Rolls,vietnamese,lunch snack,no-dairy,no,summer,"Fresh rice paper rolls of prawn, herbs and vermicelli with a peanut hoisin dip.",,
stuffed-cabbage,Stuffed Cabbage,central-european,dinner,,no,autumn winter,"Cabbage leaves rolled around beef, pork and rice, baked slowly in sweet-sour tomato.",,
stuffed-chicken-breast,Stuffed Chicken Breast,modern-australian,dinner,no-gluten,yes,,"Chicken breast filled with spinach, feta and sun-dried tomato, seared then roasted.",,
stuffed-eggplant,Stuffed Eggplant,turkish,dinner,no-gluten,no,,"Roasted eggplant filled with spiced lamb, topped with feta, yoghurt and pomegranate.",,
stuffed-mushrooms,Stuffed Mushrooms,american,snack,,no,,"Mushroom caps filled with bacon and cream cheese, baked under a buttery parmesan crumb.",,
stuffed-peppers,Stuffed Peppers,modern-australian,dinner,no-gluten,no,,"Capsicums filled with spiced mince, rice and feta, baked until soft and golden.",,
stuffed-shells,Stuffed Shells,american,dinner,vegetarian,no,,"Jumbo pasta shells filled with ricotta and spinach, baked in tomato sauce with mozzarella.",,
sunday-roast,Sunday Roast,british,lunch dinner,,no,autumn winter,"Roast beef with crisp potatoes, Yorkshire puddings and a red wine gravy.",,
sushi-rolls,Sushi Rolls,japanese,lunch dinner,pescatarian no-dairy,no,,"Hand-rolled maki with seasoned rice, salmon, cucumber and avocado.",,
swedish-meatballs,Swedish Meatballs,scandinavian,dinner,,yes,,"Small allspice-scented meatballs in a creamy gravy, with mash and lingonberry jam.",,
sweet-and-sour-pork,Sweet and Sour Pork,chinese,dinner,no-dairy,no,,Double-fried pork tossed at the last moment in a glossy pineapple and vinegar sauce.,,
tagine,Tagine,north-african,dinner,no-dairy,yes,autumn winter,"Chicken braised gently with saffron, preserved lemon and green olives.",,
takoyaki,Takoyaki,japanese,snack,pescatarian no-dairy,yes,,"Octopus batter balls turned in their wells until golden, with sauce and bonito.",,
tandoori-chicken,Tandoori Chicken,indian,dinner,,yes,,Yoghurt-marinated chicken roasted hot and charred under the grill.,,
tapas-platter,Tapas Platter,spanish,lunch dinner snack,,no,,"Patatas bravas and garlic prawns with jamón, manchego and olives for the table.",,
teriyaki-beef-bowl,Teriyaki Beef Bowl,japanese,lunch dinner,no-dairy,no,,"Thin beef glazed in teriyaki over rice with broccoli, carrot and cucumber.",,
teriyaki-chicken-bowl,Teriyaki Chicken Bowl,japanese,lunch dinner,no-dairy,no,,"Crisp-skinned, pan-glazed teriyaki chicken over rice with fresh vegetables and avocado.",,
teriyaki-pork,Teriyaki Pork,japanese,dinner,no-dairy,yes,,"Seared and roasted pork tenderloin, sliced and glossed in a pan-reduced teriyaki.",,
teriyaki-shrimp-bowl,Teriyaki Shrimp Bowl,japanese,lunch dinner,pescatarian no-dairy,no,,"Quick-glazed teriyaki prawns over rice with broccoli, avocado and cucumber.",,
teriyaki-tofu,Teriyaki Tofu,japanese,lunch dinner,vegetarian vegan no-dairy,yes,,Crisp cornflour-dusted tofu tossed briefly in a glossy teriyaki glaze.,,
thai-basil-chicken,Thai Basil Chicken,thai,lunch dinner,no-dairy,no,,"Knife-cut chicken stir-fried with garlic, chilli and holy basil, topped with a crisp egg.",,
thai-green-curry,Thai Green Curry,thai,dinner,no-gluten no-dairy,yes,,"Chicken simmered in coconut milk with a paste fried until fragrant, finished with basil.",,
tikka-masala,Tikka Masala,indian,dinner,,no,,"Charred yoghurt-marinated chicken finished in a smooth, creamy spiced tomato sauce.",,
tofu-buddha-bowl,Tofu Buddha Bowl,modern-australian,lunch dinner,vegetarian vegan no-dairy,no,,Glazed crisp tofu and roasted sweet potato over quinoa with a lemon tahini drizzle.,,
tofu-stir-fry,Tofu Stir Fry,chinese,lunch dinner,vegetarian vegan no-dairy,yes,,"Pressed, cornflour-dusted tofu fried golden and tossed with vegetables in a hoisin glaze.",,
tom-kha-gai,Tom Kha Gai,thai,lunch dinner,no-gluten no-dairy,yes,,"Chicken simmered gently in coconut milk with galangal, lemongrass and lime leaves.",,
tom-yum-soup,Tom Yum Soup,thai,lunch dinner,no-gluten no-dairy,yes,,"A hot and sour lemongrass and galangal broth with prawns, mushrooms and lime.",,
tortellini-alfredo,Tortellini Alfredo,american,dinner,vegetarian,no,,"Cheese tortellini in a quick butter, cream and parmesan sauce, ready in minutes.",,
tortilla-soup,Tortilla Soup,mexican,lunch dinner,no-gluten,no,,"A spiced tomato and chicken broth with beans and corn, piled with crisp tortilla strips.",,
tteokbokki,Tteokbokki,korean,lunch dinner snack,pescatarian no-dairy,yes,,"Chewy rice cakes and fish cake simmered in a sticky, sweet and spicy gochujang sauce.",,
tuna-melt,Tuna Melt,american,lunch,pescatarian,yes,,A tangy tuna salad and cheddar toasted slowly in a buttered pan until molten.,,
tuna-poke,Tuna Poke,american,lunch dinner,pescatarian no-dairy,no,summer,"Soy and sesame-marinated raw tuna over warm sushi rice with avocado, edamame and cabbage.",,
turkey-burger,Turkey Burger,american,lunch dinner,,no,,"A moist turkey patty with avocado mayonnaise, pickled onion and jalapeño.",,
turkish-pide,Turkish Pide,turkish,lunch dinner,,no,,"Boat-shaped flatbreads filled with spiced lamb and cheese, one crowned with a runny egg.",,
udon-noodles,Udon Noodles,japanese,lunch dinner,no-dairy,no,autumn winter,"Thick, chewy udon in a hot dashi, soy and mirin broth with fish cake and egg.",,
vegetable-curry,Vegetable Curry,indian,lunch dinner,vegetarian,yes,,"Sweet potato, cauliflower and chickpeas simmered in a spiced coconut sauce.",,
vegetable-lasagna,Vegetable Lasagna,italian,dinner,vegetarian,no,,"Roasted eggplant, zucchini, capsicum and mushroom layered with spinach ricotta and tomato.",,
vegetarian-sushi,Vegetarian Sushi,japanese,lunch dinner,vegetarian no-dairy,no,,"Maki rolls filled with crisp vegetables, pickled radish and glazed pan-fried tofu.",,
veggie-burger,Veggie Burger,modern-australian,lunch dinner,vegetarian,no,,"Black bean, rice and walnut patties fried crisp and stacked with a tangy burger sauce.",,
veggie-stir-fry,Veggie Stir Fry,chinese,lunch dinner,no-dairy,yes,,"Crisp vegetables stir-fried in order over high heat, glossed with soy and oyster sauce.",,
veggie-tempura,Veggie Tempura,japanese,lunch dinner snack,pescatarian no-dairy,no,,"Sweet potato, pumpkin, eggplant and mushrooms in a light, crisp tempura batter.",,
zucchini-noodles,Zucchini Noodles,modern-australian,lunch dinner,no-gluten,yes,summer,"Salted zucchini ribbons tossed briefly with garlic, cherry tomato, lemon and basil.",,
